"source","articles","avg_sentiment"
"Capitol Hill Seattle",17,0.0386696776945066
"KING 5",25,-1.048
"KIRO 7",146,-0.57431928670335
"KOMO News",62,-0.850393735252483
"KUOW (All Things Considered)",18,-0.393518518518518
"KUOW (Morning Edition)",10,-0.258333333333333
"KUOW (Weekend Edition Sat)",9,-0.740740740740741
"KUOW (Weekend Edition Sun)",14,-0.446428571428571
"Seattle Times (Simple)",64,-0.00749605656872329
"The Stranger (Web)",73,-0.296125773627484
