"source","articles","avg_sentiment"
"Capitol Hill Seattle",18,0.402624551816551
"KING 5",19,-0.98421052631579
"KIRO 7",212,-0.374381953619081
"KOMO News",36,-0.864652342357317
"KUOW (All Things Considered)",14,-0.19047619047619
"KUOW (Morning Edition)",9,-0.175925925925926
"KUOW (Weekend Edition Sat)",9,-0.740740740740741
"KUOW (Weekend Edition Sun)",13,-0.634615384615385
"Seattle Times (Simple)",61,0.00816442880949979
"The Stranger (Web)",71,-0.294119543623314
