"source","articles","avg_sentiment","median_sentiment","total_sentiment"
"Capitol Hill Seattle",10,-0.0293693201969536,-0.0293693201969536,-18
"The Stranger",25,-0.119064455363052,-0.119064455363052,-484
"KIRO 7",23,-0.216967796883741,-0.216967796883741,-416
"Seattle Times (Simple)",15,-0.344257703081232,-0.344257703081232,-96
"KOMO News",11,-0.817068391287815,-0.817068391287815,-249
"KING 5",35,-1.18349206349206,-1.18349206349206,-154
