"source","articles","avg_sentiment"
"Capitol Hill Seattle",17,0.380089861587273
"KING 5",18,-0.983333333333333
"KIRO 7",156,-0.44621754486566
"KOMO News",31,-1.01160087683891
"KUOW (All Things Considered)",14,-0.19047619047619
"KUOW (Morning Edition)",8,-0.104166666666667
"KUOW (Weekend Edition Sat)",9,-0.740740740740741
"KUOW (Weekend Edition Sun)",13,-0.634615384615385
"Seattle Times (Simple)",57,0.0125549960523527
"The Stranger (Web)",71,-0.294119543623314
