"source","articles","avg_sentiment"
"Capitol Hill Seattle",17,0.0386696776945066
"KING 5",24,-1.00833333333333
"KIRO 7",141,-0.527993778723572
"KOMO News",59,-0.783464603146677
"KUOW (All Things Considered)",18,-0.393518518518518
"KUOW (Morning Edition)",10,-0.258333333333333
"KUOW (Weekend Edition Sat)",9,-0.740740740740741
"KUOW (Weekend Edition Sun)",14,-0.446428571428571
"Seattle Times (Simple)",64,-0.00749605656872329
"The Stranger (Web)",73,-0.296125773627484
