"source","articles","avg_sentiment"
"Capitol Hill Seattle",20,0.322311076226733
"KING 5",22,-1.00151515151515
"KIRO 7",240,-0.471355877549462
"KOMO News",46,-0.906743280224535
"KUOW (All Things Considered)",14,-0.19047619047619
"KUOW (Morning Edition)",9,-0.175925925925926
"KUOW (Weekend Edition Sat)",9,-0.740740740740741
"KUOW (Weekend Edition Sun)",14,-0.446428571428571
"Seattle Times (Simple)",64,-0.00749605656872329
"The Stranger (Web)",73,-0.296125773627484
