"source","articles","avg_sentiment","median_sentiment","total_sentiment"
"Capitol Hill Seattle",15,0.147016517911324,0.147016517911324,-11
"Seattle Times (Simple)",30,-0.00371061128414069,-0.00371061128414069,-35
"The Stranger (Web)",45,-0.19947801573051,-0.19947801573051,-1063
"KUOW",33,-0.366161616161616,-0.366161616161616,-34
"KIRO 7",61,-0.546122519452917,-0.546122519452917,-501
"KOMO News",21,-1.10798103298103,-1.10798103298103,-249
"KING 5",10,-1.30333333333333,-1.30333333333333,-41
