"source","articles","avg_sentiment","median_sentiment","total_sentiment"
"KIRO 7",22,0.236333978389892,0.236333978389892,-101
"Capitol Hill Seattle",10,0.112852902025269,0.112852902025269,28
"The Stranger",25,-0.335239811220153,-0.335239811220153,-644
"Seattle Times (Simple)",15,-0.344257703081232,-0.344257703081232,-96
"KOMO News",11,-0.752124629397357,-0.752124629397357,-192
"KING 5",33,-1.14545454545455,-1.14545454545455,-111
